{"cameraMode":{"drawMode":0,"name":"Shaded","section":"Shading Mode"},"sceneLighting":true,"audioPlay":false,"sceneViewState":{"m_AlwaysRefresh":false,"showFog":true,"showSkybox":true,"showFlares":true,"showImageEffects":true,"showParticleSystems":true,"showVisualEffectGraphs":true,"m_FxEnabled":true},"in2DMode":false,"pivot":{"x":250.86390686035157,"y":22.489116668701173,"z":166.18374633789063},"rotation":{"x":0.03566468507051468,"y":-0.7093717455863953,"z":-0.0359906367957592,"w":-0.7030080556869507},"size":110.66096496582031,"orthographic":false}