{"cameraMode":{"drawMode":0,"name":"Shaded","section":"Shading Mode"},"sceneLighting":true,"audioPlay":false,"sceneViewState":{"m_AlwaysRefresh":false,"showFog":true,"showSkybox":true,"showFlares":true,"showImageEffects":true,"showParticleSystems":true,"showVisualEffectGraphs":true,"m_FxEnabled":true},"in2DMode":false,"pivot":{"x":0.3333137333393097,"y":17.87710952758789,"z":-14.311466217041016},"rotation":{"x":0.23937496542930604,"y":-0.025909069925546647,"z":0.006390892900526524,"w":0.9705635905265808},"size":1.0625691413879395,"orthographic":false}